pgm pgm-2012-002 pgm-003 nlp db cs101 cs101-selfservice automata automata-002 automata-003 automata-004 intrologic intrologic-2012-002 intrologic-003 intrologic-004 intrologic-005 intrologic-006 compilers compilers-2012-002 compilers-selfservice compilers-003 compilers-004 gametheory-2012-002 gametheory-003 gametheory-004 gametheory-005 comparch-003 algs4partI-010 algs4partII-007 worldmusic-2012-001 networks-2012-001 networks-002 networks-003 healthpolicy-2012-001 healthpolicy-002 vaccines-2012-001 vaccines-002 vaccines-003 pharm101-2012-001 rosc-001 sna-2012-001 sna-002 sna-003 sna-004 fantasysf-007 genomescience-002 neuroethics-001 rationing-001 programming1-002 clinprobsolv-002 programming2-001 aboriginaled-001 foodsys-004 communitychange-004 neuralnets-2012-001 mentalhealth-001 mentalhealth-002 cosmo-2012-001 cosmo-002 cosmo-003 cosmo-004 cosmo-005 econ1scientists-2012-001 drugsandbrain-2012-001 drugsandbrain-002 compphoto-001 interactivepython-003 interactivepython-004 interactivepython-005 analyticalchem-001 nanotech-001 aiplan-001 aiplan-002 aiplan-003 inforisk-2012-001 inforisk-002 inforisk-003 inforisk-004 inforisk-005 inforisk-006 compmethods-2012-001 compmethods-002 compmethods-003 compmethods-004 compmethods-005 compneuro-001 compneuro-002 compneuro-003 infosec-001 infosec-002 infosec-003 infosec-004 infosec-005 scientificcomp-2012-001 scientificcomp-002 scientificcomp-003 scientificcomp-004 scientificcomp-005 scientificcomp-006 scientificcomp-007 inforiskman-2012-001 inforiskman-002 inforiskman-003 inforiskman-004 inforiskman-005 inforiskman-006 inforiskman-007 comnetworks-002 comnetworks-003 datasci-001 datasci-002 equinenutrition-001 equinenutrition-002 equinenutrition-003 criticalthinking-001 criticalthinking-002 criticalthinking-003 criticalthinking-005 edc-001 edc-002 edc-003 proglang-2012-001 proglang-002 proglang-003 scicomp-003 dsp-004 dsp-006 hwswinterface-001 hwswinterface-002 maththink-2012-001 maththink-002 maththink-003 maththink-004 maththink-005 maththink-006 maththink-007 design-004 design-005 design-006 hetero-2012-001 hetero-002 hetero-003 hetero-004 vlsicad-003 androidapps101-002 earth-001 earth-002 bigdata-2012-001 bigdata-002 bigdata-003 bigdata-004 organalysis-002 organalysis-003 organalysis-selfstudy compfinance-007 compfinance-008 compfinance-009 sciwrite-2012-001 nutritionforhealth-002 nuclearscience-002 clinicalterminology-002 clinicalterminology-003 clinicalterminology-004 clinicalterminology-005 clinicalterminology-006 eqp-001 eqp-002 eqp-003 eqp-004 optimization-001 optimization-002 optimization-003 exphys-003 pdstatistics-001 intropharma-001 intropharma-002 intropharma-003 genrx-001 mysticthought-001 matrix-001 matrix-002 digitalsounddesign-002 immigration-002 relationship-001 relationship-002 secrets-001 secrets-002 nlangp-001 digitalmedia-003 innovation-002 lifenutr-002 lifenutr-003 sustainableag-003 ecfoodandyou-002 sdt-003 socialpsychology-002 virology-001 introeulaw-001 ggp-001 ggp-002 ggp-003 startup-001 techcity-002 techcity-003 techcity-004 phys1-001 phys1-002 phys1-003 phys1-004 phys1-005 adhd-001 psy-001 psy-002 psy-003 intropsych-001 intropsych-002 introstats-001 writing2-001 writing2-002 globalsportsbusiness-001 globalsportsbusiness-002 cariesmanagement-001 cariesmanagement-003 molevol-001 molevol-002 oldglobe-001 oldglobe-002 drugdiscovery-001 drugdiscovery-002 socialepi-001 newwayhealthcare-001 newwayhealthcare-002 calvin-002 ticyeducacion-001 ticyeducacion-002 interorg-001 interorg-003 art-001 maps-003 energy-001 globalhealthoverview-001 prob-001 distributions-001 distributions-002 algoprog-002 law-001 antimicrobial-001 einstein-001 analyze-003 renaissancearchitect-001 basicwriting-001 basicwriting-002 basicwriting-003 basicwriting-004 basicwriting-005 basicwriting-006 basicwriting-007 basicwriting-008 linearprogramming-001 linearprogramming-002 extrasolarplanets-001 physics1-002 modelsystems-001 modelsystems-002 musichistoryperforms-002 democraticdev-001 democraticdev-002 compvision-002 finiteelementmethods-001 globalization-002 structures-001 structures-002 structures-004 healthcaresafety-002 gtcomp-001 gtcomp-002 ictinprimary-001 ictinprimary-004 circuits-001 circuits-003 circuits-004 circuits-005 plantknows-001 plantknows-002 plantknows-003 corethink-001 corethink-003 tinkering-001 tinkering-002 ccss-literacy1-001 ccss-literacy1-002 ccss-literacy1-003 ccss-math1-001 ccss-math1-002 ccss-math1-003 ccss-math1-004 teach6-001 teach6-002 teach6-003 teach7-001 teach7-002 teach8-002 money-001 money-002 money-003 money-004 scileadership-001 sustaininprac-001 aofa-006 ac-005 virology2-001 4dimensions-001 4dimensions-003 4dimensions-004 inquirytechniques-001 scicontentsurvey-001 scistudentinquiry-001 sciframework-001 money2-001 money2-002 money2-003 money2-004 assetpricing-002 assetpricing-003 eefunlab-001 mathematicalmethods-001 mathematicalmethods-002 mathematicalmethods-003 mathematicalmethods-005 pmhdepression-003 statreasoning-003 statreasoning-004 commhealthworkers-003 apcalc-002 votingfairdiv-002 dementiacare-002 dino101-001 dino101-002 dino101-003 dino101-004 dino101-006 ushealthcare-002 behaviorprinciples-001 behaviorprinciples-002 understandingterror-002 understandingterror-003 mmds-001 mmds-002 mmds-003 water-001 health-001 health-002 health-003 microcontroleurs-002 microcontroleurs-003 microcontroleurs-004 microcontroleurs-006 clinicalneurology-002 ntumlone-001 ntumlone-002 ntumlone-003 warhol-001 warhol-002 inf4oec-001 inf4oec-002 hwts-002 reactive-002 graph-002 evaluation-002 evaluation-003 dsalgo-001 pkuic-002 probability-001 probability-002 slavesouth-001 slavesouth-002 slavesouth-003 genomicmedicine-002 interprofessional-002 techethics-001 philofrancaise-001 philofrancaise-002 latinmigration-001 logic1-001 logic1-002 logic2-002 ourearth-001 ourearth-002 ourearth-003 russians-001 russians-002 publiceconom-001 microeconomic-001 corpfin-001 datan-001 macroec-001 globaltrends-001 globaltrends-002 globaltrends-003 bioinfo-001 bioinfo-002 philsci-001 philsci-002 animal-001 musictheory-001 musictheory-002 spobuildaerodynamics-002 clinicalpsych-001 clinicalpsych-002 sjtula014-001 sjtuma153-001 industorg-001 emergenceoflife-002 sustainablefood-001 ancientnubia-001 historyofec-001 sjtujxdepw-001 astrotech-001 astrotech-002 socialentrepeneur-001 socialentrepeneur-002 elearning-002 gametheory2-001 gametheory2-002 gametheory2-003 totalleadership-001 totalleadership-002 totalleadership-003 neurobio-002 bioinform-001 marriageandmovies-001 marriageandmovies-002 configuringworld-001 configuringworld-002 configuringworld-004 globalorder-001 globalorder-002 globalorder-003 behavioralgenetics-001 behavioralgenetics-002 apstat-002 spatialcomputing-001 shaping1landscape-004 shaping2paths-004 criminallaw-001 criminallaw-002 criminallaw-003 sjtuch902-001 metals-001 pythonlearn-001 pythonlearn-002 pythonlearn-003 pythonlearn-005 olympicgames-001 olympicgames-002 chronicpain-001 chronicpain-002 chronicpain-003 socialimpact-001 socialimpact-002 aoo-002 pkupop-001 orgchem-002 oceansolutions-001 traumasurgery-001 meatweeat-001 neuraldata-001 americandisease-001 m2o2c2-001 audio-001 audio-002 lcl-001 teachinghist-001 managerisk-001 managerisk-002 acoustics1-001 acoustics1-002 genphysem-001 cancer-001 cancer-002 newtechtools-001 newtechtools-002 newtechtools-003 digitalstorytelling-002 digitalstorytelling-003 geodesign-002 wrongfulconviction-001 wrongfulconviction-002 auslitroughguide-001 geoint-001 geoint-002 posasoftware-001 globalaffairsfinal-001 globalaffairsfinal-002 medievalspain-001 medievalspain-002 androidcapstone-001 sjtufirstaid-001 ntumltwo-001 ntumltwo-002 succeedincollege-001 succeedincollege-002 succeedincollege-003 ethicalsocialgenomic-002 ethique-001 metaliteracy-001 globalsrhr-001 hcqualityimprovement-001 hcqualityimprovement-002 webgl-001 enrpv-001 osvirtsecurity-001 osvirtsecurity-002 sjtumia-001 gpslab-001 acoustics2-001 acoustics2-002 initprogcpp-001 initprogcpp-002 initprogjava-001 initprogjava-002 intropoojava-001 intropoojava-002 instec-001 modelingoptimization-001 uvg-001 sids-001 latinopop-001 epiapps-002 bigdataschool-001 pkuacc-001 sportsagents-001 sportsagents-002 catmooc-001 catmooc-002 catmooc-003 legalresearch-001 legalresearch-002 bjmuepiabc-002 20cnwm-001 ruralnursing-001 surveillance-001 surveillance-002 windwavetide-001 waterwestus-001 sustainability-001 mhglobal-001 assetpricing2-001 assetpricing2-002 bibrain-001 bibrain-002 bibrain-003 ecnonec-001 taxlaw-001 philculture-001 etem-001 engagecitizen-001 engagecitizen-002 statreasoning2-002 statreasoning2-003 linalg-001 financialmarketszh-002 structures2-001 modelthinkingzh-001 langtechindh-001 tradhealingbody-001 tradhealingspirit-001 tradhealingculture-001 postharvestloss-002 androidpart2-001 androidpart2-004 androidpart2-005 androidpart2-006 androidpart2-009 androidpart2-010 androidpart2-011 androidpart2-012 androidpart2-013 appliedregression-001 appliedregression-002 logisticregression-001 posaconcurrency-004 posaconcurrency-005 posaconcurrency-006 posacommunication-004 posacommunication-005 posacommunication-006 mobilecloudsecurity-004 mobilecloudsecurity-005 mobilecloudsecurity-006 bd2klincs-001 qoptintro-001 venture-001 venture-002 cc2lit-001 droit-001 sagaspace-001 effectiveppp-001 os-001 pla-001 algorithms-001 hacommunication2015-001 ge2015-001 foreigneyes-001 americanhealthsystem-001 ushealthcarereform-001 ushealthcarereform-002 nudgeit-001 bitcointech-001 deafness-001 gbv-001 vicphoto-001 ancientegypt-001 brand-001 mathletics-001 graphene-001 fin4devmooc-001 mencius1-001 artofthemooc-001 globalenvmanangement-001 paradox-001 dmathgen-001 pkufamilysociology-001 selfreflection-001 chinesecharacters-001 program-001 politicalphilosophyalumni-001 mrifundamentals-001 